fulladdress,nhpd_property_id,subsidy_status,subsidy_name,subsidy_subname,start_date,end_date,assisted_units,inactive_status_description,construction_type,Latitude,Longitude,address_lines,formatted_address,accuracy,accuracy_type,source,address_components.number,address_components.street,address_components.suffix,address_components.formatted_street,address_components.city,address_components.county,address_components.state,address_components.zip,address_components.country,address_components.postdirectional,address_components.secondarynumber,address_components.predirectional,address_components_secondary.street,address_components_secondary.suffix,address_components_secondary.formatted_street,address_components_secondary.city,address_components_secondary.county,address_components_secondary.state,address_components_secondary.zip,address_components_secondary.country,address_components.secondaryunit,address_components_secondary.postdirectional,address_components.prefix
"330 CAVALIER BLVD, SOUTH BOSTON, VA, NA",1112786,Active,LIHTC,TCEP,2011-01-01T00:00:00Z,2041-01-01T00:00:00Z,40,NA,New Construction,36.864763,-79.600076,,"348 Cavalry Rd, Chatham, VA 24531",0.45,nearest_rooftop_match,Virginia Geographic Information Network (VGIN),348,Cavalry,Rd,Cavalry Rd,Chatham,Pittsylvania County,VA,24531,US,NA,NA,NA,NA,NA,NA,NA,NA,NA,NA,NA,NA,NA,NA
"5 BOX 200, PALMYRA, VA, 22963",1011612,Inactive,HOME,HOME,2000-05-11T00:00:00Z,2010-05-11T00:00:00Z,1,End Date Passed,Acquisition Only,37.893119,-78.338579,,"Palmyra, VA 22963",0.5,place,TIGER/Line® dataset from the US Census Bureau,NA,NA,NA,NA,Palmyra,Fluvanna County,VA,22963,US,NA,NA,NA,NA,NA,NA,NA,NA,NA,NA,NA,NA,NA,NA
"RT 681, NASSAWADOX, VA, 23413",1188141,Inactive,HUD Insured,232 NURSING HOMES,1993-01-01T00:00:00Z,2032-12-01T00:00:00Z,20,Terminated Mortgage,NA,37.47486,-75.85826,,"Nassawadox, VA 23413",0.5,place,TIGER/Line® dataset from the US Census Bureau,NA,NA,NA,NA,Nassawadox,Northampton County,VA,23413,US,NA,NA,NA,NA,NA,NA,NA,NA,NA,NA,NA,NA,NA,NA
"1022 TIMSBLOOM LN, KING GEORGE, VA, 22485",1009799,Active,HOME,HOME,2014-07-24T12:40:16Z,2034-07-24T12:40:16Z,6,NA,New Construction Only,38.266305,-77.170101,,"Tinsbloom Mill Ln, King George, VA 22485",0.5,place,TIGER/Line® dataset from the US Census Bureau,NA,NA,NA,NA,King George,King George County,VA,22485,US,NA,NA,NA,NA,NA,NA,NA,NA,NA,NA,NA,NA,NA,NA
"RR 1 BOX 900, PALMYRA, VA, 22963",1129264,Inactive,HOME,HOME,2003-01-14T00:00:00Z,2008-01-14T00:00:00Z,1,End Date Passed,Rehabilitation Only,37.893119,-78.338579,,"Palmyra, VA 22963",0.5,place,TIGER/Line® dataset from the US Census Bureau,NA,NA,NA,NA,Palmyra,Fluvanna County,VA,22963,US,NA,NA,NA,NA,NA,NA,NA,NA,NA,NA,NA,NA,NA,NA
"LOT 3 HOUCHENS PL, PALMYRA, VA, 22963",1129602,Active,HOME,HOME,2018-09-03T00:00:00Z,2038-09-03T00:00:00Z,1,NA,Acquisition and New Construction,37.893119,-78.338579,,"Palmyra, VA 22963",0.5,place,TIGER/Line® dataset from the US Census Bureau,NA,NA,NA,NA,Palmyra,Fluvanna County,VA,22963,US,NA,NA,NA,NA,NA,NA,NA,NA,NA,NA,NA,NA,NA,NA
"LOT 1 FOXWOOD - N POWELL ISLAND RD, ARRINGTON, VA, 22949",1129599,Inactive,HOME,HOME,2015-08-14T00:00:00Z,2020-08-14T00:00:00Z,2,End Date Passed,Acquisition Only,37.753,-78.859153,,"Lovingston, VA 22949",0.5,place,TIGER/Line® dataset from the US Census Bureau,NA,NA,NA,NA,Lovingston,Nelson County,VA,22949,US,NA,NA,NA,NA,NA,NA,NA,NA,NA,NA,NA,NA,NA,NA
"TAX MAP 127, PARCEL 17, LOT 1, ESMONT, VA, 22932",1012803,Inactive,HOME,HOME,2003-02-25T00:00:00Z,2023-02-25T00:00:00Z,1,End Date Passed,New Construction Only,38.129592,-78.710635,,"Crozet, VA 22932",0.5,place,TIGER/Line® dataset from the US Census Bureau,NA,NA,NA,NA,Crozet,Albemarle County,VA,22932,US,NA,NA,NA,NA,NA,NA,NA,NA,NA,NA,NA,NA,NA,NA
"101 GEORGIE DTYLER DR, WINDSOR, VA, NA",1114460,Active,LIHTC,9% Tax Credit,1998-01-01T00:00:00Z,2028-01-01T00:00:00Z,24,NA,New Construction,36.845054,-76.713731,,"Windsor, VA 23487",0.5,place,TIGER/Line® dataset from the US Census Bureau,NA,NA,NA,NA,Windsor,Isle of Wight County,VA,23487,US,NA,NA,NA,NA,NA,NA,NA,NA,NA,NA,NA,NA,NA,NA
"6501 JAHKE RD, RICHMOND, VA, 23225",1021346,Active,Section 8,PRAC/202,2023-02-01T00:00:00Z,2044-01-31T00:00:00Z,71,NA,NA,37.519396,-77.500757,,"Richmond, VA 23225",0.5,place,TIGER/Line® dataset from the US Census Bureau,NA,NA,NA,NA,Richmond,Richmond City,VA,23225,US,NA,NA,NA,NA,NA,NA,NA,NA,NA,NA,NA,NA,NA,NA
"150 CTHOUSE LN, BOWLING GREEN, VA, 22427",1116461,Active,Section 8,515/8 NC,2012-12-01T00:00:00Z,2032-11-30T00:00:00Z,32,NA,NA,38.008401,-77.260353,,"Bowling Green, VA 22427",0.5,place,TIGER/Line® dataset from the US Census Bureau,NA,NA,NA,NA,Bowling Green,Caroline County,VA,22427,US,NA,NA,NA,NA,NA,NA,NA,NA,NA,NA,NA,NA,NA,NA
"150 CTHOUSE LN, BOWLING GREEN, VA, 22427",1116461,Active,RHS 515,515 Rural Housing,2001-11-28T00:00:00Z,2031-12-25T00:00:00Z,0,NA,NA,38.008401,-77.260353,,"Bowling Green, VA 22427",0.5,place,TIGER/Line® dataset from the US Census Bureau,NA,NA,NA,NA,Bowling Green,Caroline County,VA,22427,US,NA,NA,NA,NA,NA,NA,NA,NA,NA,NA,NA,NA,NA,NA
"150 CTHOUSE LN, BOWLING GREEN, VA, 22427",1116461,Active,LIHTC,9% Tax Credit,2011-01-01T00:00:00Z,2041-01-01T00:00:00Z,24,NA,Acquisition and Rehab,38.008401,-77.260353,,"Bowling Green, VA 22427",0.5,place,TIGER/Line® dataset from the US Census Bureau,NA,NA,NA,NA,Bowling Green,Caroline County,VA,22427,US,NA,NA,NA,NA,NA,NA,NA,NA,NA,NA,NA,NA,NA,NA
"1100 VILLAGE GREEN DR, GLOUCESTER PT, VA, 23072",1177104,Active,RHS 515,515 Rural Housing,1996-11-06T00:00:00Z,2046-11-29T00:00:00Z,30,NA,NA,37.2782,-76.50384,,"Hayes, VA 23072",0.5,place,TIGER/Line® dataset from the US Census Bureau,NA,NA,NA,NA,Hayes,Gloucester County,VA,23072,US,NA,NA,NA,NA,NA,NA,NA,NA,NA,NA,NA,NA,NA,NA
"1024 PATRIOT WAY, PORTSMOUTH, VA, 23707",1154701,Active,Project Based Vouchers,Project Based Vouchers,NA,NA,12,NA,NA,36.837153,-76.347314,,"Portsmouth, VA 23707",0.5,place,TIGER/Line® dataset from the US Census Bureau,NA,NA,NA,NA,Portsmouth,Portsmouth City,VA,23707,US,NA,NA,NA,NA,NA,NA,NA,NA,NA,NA,NA,NA,NA,NA
"1034 PATRIOT WAY, PORTSMOUTH, VA, 23707",1154703,Active,Project Based Vouchers,Project Based Vouchers,NA,NA,12,NA,NA,36.837153,-76.347314,,"Portsmouth, VA 23707",0.5,place,TIGER/Line® dataset from the US Census Bureau,NA,NA,NA,NA,Portsmouth,Portsmouth City,VA,23707,US,NA,NA,NA,NA,NA,NA,NA,NA,NA,NA,NA,NA,NA,NA
"111, FREDERICKSBURG, VA, 23232",1175704,Active,HOME,HOME,2008-03-20T00:00:00Z,2028-03-20T00:00:00Z,28,NA,New Construction Only,37.520187,-77.408359,,"Richmond, VA 23232",0.5,place,TIGER/Line® dataset from the US Census Bureau,NA,NA,NA,NA,Richmond,Richmond City,VA,23232,US,NA,NA,NA,NA,NA,NA,NA,NA,NA,NA,NA,NA,NA,NA
"1030 PATRIOT WAY, PORTSMOUTH, VA, 23707",1154702,Active,Project Based Vouchers,Project Based Vouchers,NA,NA,13,NA,NA,36.837153,-76.347314,,"Portsmouth, VA 23707",0.5,place,TIGER/Line® dataset from the US Census Bureau,NA,NA,NA,NA,Portsmouth,Portsmouth City,VA,23707,US,NA,NA,NA,NA,NA,NA,NA,NA,NA,NA,NA,NA,NA,NA
"2075 TACKETTS WILLAGE SQAURE, WOODBRIDGE, VA, 22192",1105356,Inactive,HUD Insured,221(D)(4) MKT RATE MOD INC/ DISP FAMS,2014-09-01T00:00:00Z,2054-08-01T00:00:00Z,72,Terminated Mortgage,NA,38.675952,-77.316344,,"Woodbridge, VA 22192",0.5,place,TIGER/Line® dataset from the US Census Bureau,NA,NA,NA,NA,Woodbridge,Prince William County,VA,22192,US,NA,NA,NA,NA,NA,NA,NA,NA,NA,NA,NA,NA,NA,NA
"14539 OLD CTHOUSE WAY, NEWPORT NEWS, VA, 23608",1173313,Active,LIHTC,4% Tax Credit,2015-01-01T00:00:00Z,2045-01-01T00:00:00Z,123,NA,New Construction,37.152619,-76.542039,,"Newport News, VA 23608",0.5,place,TIGER/Line® dataset from the US Census Bureau,NA,NA,NA,NA,Newport News,Newport News City,VA,23608,US,NA,NA,NA,NA,NA,NA,NA,NA,NA,NA,NA,NA,NA,NA
"16075 CHARLES LANKFORD MEMORIAL HWY, EASTVILLE, VA, NA",1105788,Inactive,LIHTC,9% Tax Credit,2015-01-01T00:00:00Z,2045-01-01T00:00:00Z,34,Missing from Subsequent Updates,Acquisition and Rehab,37.35264,-75.94576,,"Eastville, VA 23347",0.5,place,TIGER/Line® dataset from the US Census Bureau,NA,NA,NA,NA,Eastville,Northampton County,VA,23347,US,NA,NA,NA,NA,NA,NA,NA,NA,NA,NA,NA,NA,NA,NA
"1039 PATRIOT WAY, PORTSMOUTH, VA, 23707",1154704,Active,Project Based Vouchers,Project Based Vouchers,NA,NA,13,NA,NA,36.837153,-76.347314,,"Portsmouth, VA 23707",0.5,place,TIGER/Line® dataset from the US Census Bureau,NA,NA,NA,NA,Portsmouth,Portsmouth City,VA,23707,US,NA,NA,NA,NA,NA,NA,NA,NA,NA,NA,NA,NA,NA,NA
"1043 PATRIOT WAY, PORTSMOUTH, VA, 23707",1154706,Active,Project Based Vouchers,Project Based Vouchers,NA,NA,12,NA,NA,36.837153,-76.347314,,"Portsmouth, VA 23707",0.5,place,TIGER/Line® dataset from the US Census Bureau,NA,NA,NA,NA,Portsmouth,Portsmouth City,VA,23707,US,NA,NA,NA,NA,NA,NA,NA,NA,NA,NA,NA,NA,NA,NA
"1527 SESENY RD, FREDERICK, VA, 22602",1184966,Active,Section 8,PRAC/202,2024-05-22T00:00:00Z,2063-05-21T00:00:00Z,11,NA,NA,39.150074,-78.268988,,"Winchester, VA 22602",0.5,place,TIGER/Line® dataset from the US Census Bureau,NA,NA,NA,NA,Winchester,Frederick County,VA,22602,US,NA,NA,NA,NA,NA,NA,NA,NA,NA,NA,NA,NA,NA,NA
"ROUTE 625, PALMYRA, VA, 22963",1012936,Inactive,HOME,HOME,2003-02-11T00:00:00Z,2023-02-11T00:00:00Z,1,End Date Passed,New Construction Only,37.893119,-78.338579,,"Palmyra, VA 22963",0.5,place,TIGER/Line® dataset from the US Census Bureau,NA,NA,NA,NA,Palmyra,Fluvanna County,VA,22963,US,NA,NA,NA,NA,NA,NA,NA,NA,NA,NA,NA,NA,NA,NA
"JOANIS DR & ROVER RIDGE DR, DANVILLE, VA, 24541",1013354,Active,HOME,HOME,2011-08-05T00:00:00Z,2031-08-05T00:00:00Z,11,NA,New Construction Only,36.577505,-79.441637,,"Danville, VA 24541",0.5,place,TIGER/Line® dataset from the US Census Bureau,NA,NA,NA,NA,Danville,Danville City,VA,24541,US,NA,NA,NA,NA,NA,NA,NA,NA,NA,NA,NA,NA,NA,NA
"PARCEL 2, STAUNTON, VA, 24401",1021197,Active,Section 8,PRAC/202,2023-04-01T00:00:00Z,2048-03-31T00:00:00Z,46,NA,NA,38.157368,-79.065116,,"Staunton, VA 24401",0.5,place,TIGER/Line® dataset from the US Census Bureau,NA,NA,NA,NA,Staunton,Staunton City,VA,24401,US,NA,NA,NA,NA,NA,NA,NA,NA,NA,NA,NA,NA,NA,NA
"2133 S MILITARY HIGHWAY, MADISON HEIGHTS, VA, 24572",1104710,Active,HOME,HOME,2014-08-06T00:00:00Z,2034-08-06T00:00:00Z,11,NA,New Construction Only,37.475715,-79.140618,,"Madison Heights, VA 24572",0.5,place,TIGER/Line® dataset from the US Census Bureau,NA,NA,NA,NA,Madison Heights,Amherst County,VA,24572,US,NA,NA,NA,NA,NA,NA,NA,NA,NA,NA,NA,NA,NA,NA
"190 PHELPS RD, MADISON HEIGHTS, VA, NA",1104710,Active,LIHTC,9% Tax Credit,2014-01-01T00:00:00Z,2044-01-01T00:00:00Z,22,NA,New Construction,37.475715,-79.140618,,"Madison Heights, VA 24572",0.5,place,TIGER/Line® dataset from the US Census Bureau,NA,NA,NA,NA,Madison Heights,Amherst County,VA,24572,US,NA,NA,NA,NA,NA,NA,NA,NA,NA,NA,NA,NA,NA,NA
"950 DENMARK SQUARE, PRINCE GEORGE, VA, 23875",1105544,Inactive,LIHTC,9% Tax Credit,2015-01-01T00:00:00Z,2045-01-01T00:00:00Z,72,Missing from Subsequent Updates,New Construction,37.234733,-77.263465,,"Prince George, VA 23875",0.5,place,TIGER/Line® dataset from the US Census Bureau,NA,NA,NA,NA,Prince George,Prince George County,VA,23875,US,NA,NA,NA,NA,NA,NA,NA,NA,NA,NA,NA,NA,NA,NA
"INTERSECTION OF FINE ST & PUDDLEDOCK STS, PRINCE GEORGE, VA, NA",1105544,Inactive,LIHTC,9% Tax Credit,2014-01-01T00:00:00Z,2044-01-01T00:00:00Z,72,Missing from Subsequent Updates,New Construction,37.234733,-77.263465,,"Prince George, VA 23875",0.5,place,TIGER/Line® dataset from the US Census Bureau,NA,NA,NA,NA,Prince George,Prince George County,VA,23875,US,NA,NA,NA,NA,NA,NA,NA,NA,NA,NA,NA,NA,NA,NA
"950 DENMARK SQUARE, PRINCE GEORGE, VA, 23875",1105544,Active,LIHTC,9% Tax Credit,2015-01-01T00:00:00Z,2045-01-01T00:00:00Z,72,NA,New Construction,37.234733,-77.263465,,"Prince George, VA 23875",0.5,place,TIGER/Line® dataset from the US Census Bureau,NA,NA,NA,NA,Prince George,Prince George County,VA,23875,US,NA,NA,NA,NA,NA,NA,NA,NA,NA,NA,NA,NA,NA,NA
"1040 PATRIOT WAY, PORTSMOUTH, VA, 23707",1154705,Active,Project Based Vouchers,Project Based Vouchers,NA,NA,11,NA,NA,36.837153,-76.347314,,"Portsmouth, VA 23707",0.5,place,TIGER/Line® dataset from the US Census Bureau,NA,NA,NA,NA,Portsmouth,Portsmouth City,VA,23707,US,NA,NA,NA,NA,NA,NA,NA,NA,NA,NA,NA,NA,NA,NA
"1044 PATRIOT WAY, PORTSMOUTH, VA, 23707",1154707,Active,Project Based Vouchers,Project Based Vouchers,NA,NA,12,NA,NA,36.837153,-76.347314,,"Portsmouth, VA 23707",0.5,place,TIGER/Line® dataset from the US Census Bureau,NA,NA,NA,NA,Portsmouth,Portsmouth City,VA,23707,US,NA,NA,NA,NA,NA,NA,NA,NA,NA,NA,NA,NA,NA,NA
"RR 1 BOX 222, TAZEWELL, VA, 24651",1129277,Inactive,HOME,HOME,2006-04-27T00:00:00Z,2021-04-27T00:00:00Z,4,End Date Passed,Acquisition and Rehabilitation,37.11484,-81.51955,,"Tazewell, VA 24651",0.5,place,TIGER/Line® dataset from the US Census Bureau,NA,NA,NA,NA,Tazewell,Tazewell County,VA,24651,US,NA,NA,NA,NA,NA,NA,NA,NA,NA,NA,NA,NA,NA,NA
"4105 IRON CT, HOPEWELL, VA, 23860",1094597,Active,HUD Insured,207/ 223(F) PUR/ REFIN HSG,2022-02-01T00:00:00Z,2057-01-01T00:00:00Z,150,NA,NA,37.286676,-77.296596,,"Hopewell, VA 23860",0.5,place,TIGER/Line® dataset from the US Census Bureau,NA,NA,NA,NA,Hopewell,Hopewell City,VA,23860,US,NA,NA,NA,NA,NA,NA,NA,NA,NA,NA,NA,NA,NA,NA
"14446 W FAYETTE ST, MARTINSVILLE, VA, 24112",1094592,Inactive,HUD Insured,223(A)(7)/221(D)(3) MKT REFI/ MODERATE I,2002-02-01T00:00:00Z,2024-01-01T00:00:00Z,100,Terminated Mortgage,NA,36.681298,-79.86626,,"Martinsville, VA 24112",0.5,place,TIGER/Line® dataset from the US Census Bureau,NA,NA,NA,NA,Martinsville,Martinsville City,VA,24112,US,NA,NA,NA,NA,NA,NA,NA,NA,NA,NA,NA,NA,NA,NA
"3720 KOLLRIGE RD, ROANOKE, VA, 24153",1094604,Active,HUD Insured,207/ 223(F) PUR/ REFIN HSG,2008-07-01T00:00:00Z,2043-06-01T00:00:00Z,106,NA,NA,37.28814,-80.067762,,"Salem, VA 24153",0.5,place,TIGER/Line® dataset from the US Census Bureau,NA,NA,NA,NA,Salem,Salem City,VA,24153,US,NA,NA,NA,NA,NA,NA,NA,NA,NA,NA,NA,NA,NA,NA
"103 GEORGIE DTYLER DR, WINDSOR, VA, NA",1119843,Inactive,LIHTC,9% Tax Credit,2006-01-01T00:00:00Z,2036-01-01T00:00:00Z,40,Non-programmatic,Both New Construction and Acquisition and Rehab,36.845054,-76.713731,,"Windsor, VA 23487",0.5,place,TIGER/Line® dataset from the US Census Bureau,NA,NA,NA,NA,Windsor,Isle of Wight County,VA,23487,US,NA,NA,NA,NA,NA,NA,NA,NA,NA,NA,NA,NA,NA,NA
"701 BRIDGSTOCK CIR, NEWPORT NEWS, VA, 23606",1094739,Active,LIHTC,4% Tax Credit,2015-01-01T00:00:00Z,2045-01-01T00:00:00Z,132,NA,Acquisition and Rehab,37.073526,-76.493022,,"Newport News, VA 23606",0.5,place,TIGER/Line® dataset from the US Census Bureau,NA,NA,NA,NA,Newport News,Newport News City,VA,23606,US,NA,NA,NA,NA,NA,NA,NA,NA,NA,NA,NA,NA,NA,NA
"1151 ADLER LN, MANASSAS, VA, 20109",1095056,Inactive,HUD Insured,207/ 223(F) PUR/ REFIN HSG,2013-10-01T00:00:00Z,2048-09-01T00:00:00Z,108,Terminated Mortgage,NA,38.793641,-77.531024,,"Manassas, VA 20109",0.5,place,TIGER/Line® dataset from the US Census Bureau,NA,NA,NA,NA,Manassas,Prince William County,VA,20109,US,NA,NA,NA,NA,NA,NA,NA,NA,NA,NA,NA,NA,NA,NA
"2269 MT VIEW TERR SW, ROANOKE, VA, NA",1094710,Active,LIHTC,4% Tax Credit,2003-01-01T00:00:00Z,2033-01-01T00:00:00Z,48,NA,New Construction,37.274175,-79.95786,,"Roanoke, VA 24003",0.5,place,TIGER/Line® dataset from the US Census Bureau,NA,NA,NA,NA,Roanoke,Roanoke City,VA,24003,US,NA,NA,NA,NA,NA,NA,NA,NA,NA,NA,NA,NA,NA,NA
"3465 DRY POWET CIR, DUMFRIES, VA, 22026",1095252,Active,HUD Insured,207/ 223(F) PUR/ REFIN HSG,2022-04-01T00:00:00Z,2057-03-01T00:00:00Z,276,NA,NA,38.56762,-77.32804,,"Dumfries, VA 22026",0.5,place,TIGER/Line® dataset from the US Census Bureau,NA,NA,NA,NA,Dumfries,Prince William County,VA,22026,US,NA,NA,NA,NA,NA,NA,NA,NA,NA,NA,NA,NA,NA,NA
"RR 6, APPOMATTOX, VA, 24522",1118892,Inactive,LIHTC,9% Tax Credit,1999-01-01T00:00:00Z,2029-01-01T00:00:00Z,48,Missing from Subsequent Updates,Acquisition and Rehab,37.356134,-78.848202,,"Appomattox, VA 24522",0.5,place,TIGER/Line® dataset from the US Census Bureau,NA,NA,NA,NA,Appomattox,Appomattox County,VA,24522,US,NA,NA,NA,NA,NA,NA,NA,NA,NA,NA,NA,NA,NA,NA
"4 SAINT EGNATIOS DR, NEWPORT NEWS, VA, 23601",1095245,Active,HUD Insured,221(D)(4) MKT RATE MOD INC/ DISP FAMS,1985-12-01T00:00:00Z,2025-11-01T00:00:00Z,190,NA,NA,37.058296,-76.463471,,"Newport News, VA 23601",0.5,place,TIGER/Line® dataset from the US Census Bureau,NA,NA,NA,NA,Newport News,Newport News City,VA,23601,US,NA,NA,NA,NA,NA,NA,NA,NA,NA,NA,NA,NA,NA,NA
"CENTREVILLE RD, FAIRFAX, VA, 22030",1095150,Inactive,HUD Insured,542(C) HFA RISK SHARING-RECENT COMP,2001-04-01T00:00:00Z,2028-03-01T00:00:00Z,24,Terminated Mortgage,NA,38.853231,-77.305097,,"Fairfax, VA 22030",0.5,place,TIGER/Line® dataset from the US Census Bureau,NA,NA,NA,NA,Fairfax,Fairfax City,VA,22030,US,NA,NA,NA,NA,NA,NA,NA,NA,NA,NA,NA,NA,NA,NA
"17TH STREET & WADSWORTH, RADFORD, VA, 24141",1095382,Inactive,LIHTC,9% Tax Credit,2004-01-01T00:00:00Z,2034-01-01T00:00:00Z,40,Missing from Subsequent Updates,NA,37.119732,-80.556541,,"Radford, VA 24141",0.5,place,TIGER/Line® dataset from the US Census Bureau,NA,NA,NA,NA,Radford,Radford City,VA,24141,US,NA,NA,NA,NA,NA,NA,NA,NA,NA,NA,NA,NA,NA,NA
"22807 A BLUE HERON RD, CHERITON, VA, 23316",1121067,Active,RHS 515,515 Rural Housing,2002-12-23T00:00:00Z,2039-11-26T00:00:00Z,32,NA,NA,37.28958,-75.97132,,"Cheriton, VA 23316",0.5,place,TIGER/Line® dataset from the US Census Bureau,NA,NA,NA,NA,Cheriton,Northampton County,VA,23316,US,NA,NA,NA,NA,NA,NA,NA,NA,NA,NA,NA,NA,NA,NA
"21 PLZ, STAUNTON, VA, 24401",1118224,Active,RHS 515,515 Rural Housing,1990-02-13T00:00:00Z,2040-01-25T00:00:00Z,24,NA,NA,38.157368,-79.065116,,"Staunton, VA 24401",0.5,place,TIGER/Line® dataset from the US Census Bureau,NA,NA,NA,NA,Staunton,Staunton City,VA,24401,US,NA,NA,NA,NA,NA,NA,NA,NA,NA,NA,NA,NA,NA,NA
"GA HIGHWAY 84, JESUP, GA, 31545",1095253,Active,HOME,HOME,2014-08-12T00:00:00Z,2034-08-12T00:00:00Z,43,NA,New Construction Only,31.600775,-81.957787,,"Jesup, GA 31545",0.5,place,TIGER/Line® dataset from the US Census Bureau,NA,NA,NA,NA,Jesup,Wayne County,GA,31545,US,NA,NA,NA,NA,NA,NA,NA,NA,NA,NA,NA,NA,NA,NA
"14534 OLD CTHOUSE WAY, NEWPORT NEWS, VA, 23608",1095239,Active,LIHTC,9% Tax Credit,1997-01-01T00:00:00Z,2027-01-01T00:00:00Z,132,NA,New Construction,37.152619,-76.542039,,"Newport News, VA 23608",0.5,place,TIGER/Line® dataset from the US Census Bureau,NA,NA,NA,NA,Newport News,Newport News City,VA,23608,US,NA,NA,NA,NA,NA,NA,NA,NA,NA,NA,NA,NA,NA,NA
"BLUE BIRD RD, CHERITON, VA, 23316",1121068,Active,RHS 515,515 Rural Housing,2006-03-23T00:00:00Z,2036-03-15T00:00:00Z,16,NA,NA,37.28958,-75.97132,,"Cheriton, VA 23316",0.5,place,TIGER/Line® dataset from the US Census Bureau,NA,NA,NA,NA,Cheriton,Northampton County,VA,23316,US,NA,NA,NA,NA,NA,NA,NA,NA,NA,NA,NA,NA,NA,NA
"LAKE GEORGE MANOR, DADE CITY, FL, 33525",1094849,Inactive,HOME,HOME,1994-06-16T00:00:00Z,1999-06-16T00:00:00Z,39,End Date Passed,Rehabilitation Only,28.331765,-82.244624,,"Dade City, FL 33525",0.5,place,TIGER/Line® dataset from the US Census Bureau,NA,NA,NA,NA,Dade City,Pasco County,FL,33525,US,NA,NA,NA,NA,NA,NA,NA,NA,NA,NA,NA,NA,NA,NA
"3146 CARMICHAEL AVE, NORFOLK, VA, NA",1094833,Active,LIHTC,9% Tax Credit,2005-01-01T00:00:00Z,2035-01-01T00:00:00Z,34,NA,New Construction,36.895911,-76.208521,,"Norfolk, VA 23501",0.5,place,TIGER/Line® dataset from the US Census Bureau,NA,NA,NA,NA,Norfolk,Norfolk City,VA,23501,US,NA,NA,NA,NA,NA,NA,NA,NA,NA,NA,NA,NA,NA,NA
"215088 GRAND OAKS FOREST CIR, CHESTER, VA, NA",1094917,Active,LIHTC,4% Tax Credit,2006-01-01T00:00:00Z,2036-01-01T00:00:00Z,32,NA,New Construction,37.320744,-77.454311,,"Chester, VA 23831",0.5,place,TIGER/Line® dataset from the US Census Bureau,NA,NA,NA,NA,Chester,Chesterfield County,VA,23831,US,NA,NA,NA,NA,NA,NA,NA,NA,NA,NA,NA,NA,NA,NA
"14047 UPPER RIDGE DR, CENTREVILLE, VA, 20121",1095150,Inactive,HOME,HOME,2000-07-24T00:00:00Z,2020-07-24T00:00:00Z,24,End Date Passed,New Construction Only,38.843904,-77.470502,,"Ridge Haven Ct, Centreville, VA 20120",0.59,street_center,TIGER/Line® dataset from the US Census Bureau,NA,Ridge Haven,Ct,Ridge Haven Ct,Centreville,Fairfax County,VA,20120,US,NA,NA,NA,NA,NA,NA,NA,NA,NA,NA,NA,NA,NA,NA
"3760 STRATFORD PKWY, ROANOKE, VA, 24018",1007847,Inactive,HUD Insured,221(D)(4) MKT RATE MOD INC/ DISP FAMS,1982-02-01T00:00:00Z,2022-01-01T00:00:00Z,48,Terminated Mortgage,NA,37.216161,-80.041869,,"Stratford Way, Roanoke, VA 24018",0.62,street_center,TIGER/Line® dataset from the US Census Bureau,NA,Stratford,Way,Stratford Way,Roanoke,Roanoke County,VA,24018,US,NA,NA,NA,NA,NA,NA,NA,NA,NA,NA,NA,NA,NA,NA
"RR 1 BOX 3000, NEW CASTLE, VA, NA",1109050,Inactive,LIHTC,4% Tax Credit,1995-01-01T00:00:00Z,2025-01-01T00:00:00Z,34,Missing from Subsequent Updates,New Construction,37.507726,-80.111655,,"79 9th St, New Castle, VA 24127",0.62,nearest_rooftop_match,Virginia Geographic Information Network (VGIN),79,9th,St,9th St,New Castle,Craig County,VA,24127,US,NA,NA,NA,NA,NA,NA,NA,NA,NA,NA,NA,NA,NA,NA
"5120 GEORGE WASHINGTON HWY, PORTSMOUTH, VA, 23702",1094923,Active,LIHTC,4% Tax Credit,2006-01-01T00:00:00Z,2036-01-01T00:00:00Z,152,NA,Acquisition and Rehab,36.87907,-76.403851,,"Georgia, Portsmouth, VA 23703",0.65,street_center,TIGER/Line® dataset from the US Census Bureau,NA,Georgia,NA,Georgia,Portsmouth,Portsmouth City,VA,23703,US,NA,NA,NA,NA,NA,NA,NA,NA,NA,NA,NA,NA,NA,NA
"4200 RENO ST, CHESAPEAKE, VA, 23324",1017504,Inactive,HUD Insured,236(J)(1)/ LOWER INCOME FAMILIES,1971-08-01T00:00:00Z,2011-07-01T00:00:00Z,124,Terminated Mortgage,NA,36.569082,-76.25058,,"Wren St, Chesapeake, VA 23322",0.69,street_center,TIGER/Line® dataset from the US Census Bureau,NA,Wren,St,Wren St,Chesapeake,Chesapeake City,VA,23322,US,NA,NA,NA,NA,NA,NA,NA,NA,NA,NA,NA,NA,NA,NA
"4200 RENO ST, CHESAPEAKE, VA, 23324",1017504,Inactive,HUD Insured,236(J)(1)/ LOWER INCOME FAMILIES,1972-05-01T00:00:00Z,2012-04-01T00:00:00Z,32,Terminated Mortgage,NA,36.569082,-76.25058,,"Wren St, Chesapeake, VA 23322",0.69,street_center,TIGER/Line® dataset from the US Census Bureau,NA,Wren,St,Wren St,Chesapeake,Chesapeake City,VA,23322,US,NA,NA,NA,NA,NA,NA,NA,NA,NA,NA,NA,NA,NA,NA
"50 PINNACLE PL, ROSE HILL, VA, 24281",1094825,Inactive,LIHTC,9% Tax Credit,2004-01-01T00:00:00Z,2034-01-01T00:00:00Z,32,Missing from Subsequent Updates,NA,36.676251,-83.360141,,"164 Pinnacle Rd, Rose Hill, VA 24281",0.69,nearest_rooftop_match,Virginia Geographic Information Network (VGIN),164,Pinnacle,Rd,Pinnacle Rd,Rose Hill,Lee County,VA,24281,US,NA,NA,NA,NA,NA,NA,NA,NA,NA,NA,NA,NA,NA,NA
"7800 RICHARD HWY, FAIRFAX, VA, 22030",1095376,Inactive,HUD Insured,236(J)(1)/ LOWER INCOME FAMILIES,1971-08-01T00:00:00Z,2011-07-01T00:00:00Z,202,Terminated Mortgage,NA,38.849744,-77.292653,,"Richard Ave, Fairfax, VA 22031",0.69,street_center,TIGER/Line® dataset from the US Census Bureau,NA,Richard,Ave,Richard Ave,Fairfax,Fairfax City,VA,22031,US,NA,NA,NA,NA,NA,NA,NA,NA,NA,NA,NA,NA,NA,NA
"101 SILA CT, NASSAWADOX, VA, 23413",1188141,Active,Section 8,202/8 NC,2022-06-01T00:00:00Z,2042-05-31T00:00:00Z,20,NA,NA,37.481594,-75.856439,,"Silas Ct, Nassawadox, VA 23413",0.7,street_center,TIGER/Line® dataset from the US Census Bureau,NA,Silas,Ct,Silas Ct,Nassawadox,Northampton County,VA,23413,US,NA,NA,NA,NA,NA,NA,NA,NA,NA,NA,NA,NA,NA,NA
"101 SILA CT, NASSAWADOX, VA, 23413",1188141,Active,Section 202,202/8 Direct Loan/ Elderly-Handicapped,1993-11-30T00:00:00Z,2030-08-01T00:00:00Z,20,NA,NA,37.481594,-75.856439,,"Silas Ct, Nassawadox, VA 23413",0.7,street_center,TIGER/Line® dataset from the US Census Bureau,NA,Silas,Ct,Silas Ct,Nassawadox,Northampton County,VA,23413,US,NA,NA,NA,NA,NA,NA,NA,NA,NA,NA,NA,NA,NA,NA
"512 STUART ST, THE PLAINS, VA, 20198",1104966,Inactive,LIHTC,NA,2005-01-01T00:00:00Z,2035-01-01T00:00:00Z,6,Non-programmatic,NA,38.863944,-77.774323,,"Stuart St, The Plains, VA 20198",0.7,street_center,TIGER/Line® dataset from the US Census Bureau,NA,Stuart,St,Stuart St,The Plains,Fauquier County,VA,20198,US,NA,NA,NA,NA,NA,NA,NA,NA,NA,NA,NA,NA,NA,NA
"6139 GEORGE WASHINGTON MEMORIA, GLOUCESTER, VA, 23061",1145731,Active,HUD Insured,221(D)(4) MKT RATE MOD INC/ DISP FAMS,2020-10-01T00:00:00Z,2060-09-01T00:00:00Z,130,NA,NA,37.331444,-76.453224,,"George Ln, Gloucester, VA 23061",0.7,street_center,TIGER/Line® dataset from the US Census Bureau,NA,George,Ln,George Ln,Gloucester,Gloucester County,VA,23061,US,NA,NA,NA,NA,NA,NA,NA,NA,NA,NA,NA,NA,NA,NA
"ROUTE 750, LEXINGTON, VA, 24450",1017008,Inactive,HUD Insured,236(J)(1)/ LOWER INCOME FAMILIES,1976-05-01T00:00:00Z,2016-04-01T00:00:00Z,96,Terminated Mortgage,NA,37.767288,-79.4549,,"Lexington Ave, Lexington, VA 24450",0.7,street_center,TIGER/Line® dataset from the US Census Bureau,NA,Lexington,Ave,Lexington Ave,Lexington,Lexington City,VA,24450,US,NA,NA,NA,NA,NA,NA,NA,NA,NA,NA,NA,NA,NA,NA
"10101 ROBERT HALL BLVD, CHESAPEAKE, VA, NA",1162119,Active,LIHTC,9% Tax Credit,1999-01-01T00:00:00Z,2029-01-01T00:00:00Z,135,NA,New Construction,36.787294,-76.258905,,"Robert Hall Blvd, Chesapeake, VA 23324",0.7,street_center,TIGER/Line® dataset from the US Census Bureau,NA,Robert Hall,Blvd,Robert Hall Blvd,Chesapeake,Chesapeake City,VA,23324,US,NA,NA,NA,NA,NA,NA,NA,NA,NA,NA,NA,NA,NA,NA
"800 JEFFERSON DAVIS HIGHWAY, RICHMOND, VA, 23224",1172471,Active,LIHTC,4% Tax Credit,2019-01-01T00:00:00Z,2049-01-01T00:00:00Z,135,NA,Acquisition and Rehab,37.504951,-77.447148,,"Jefferson Davis Hwy, Richmond, VA 23224",0.7,street_center,TIGER/Line® dataset from the US Census Bureau,NA,Jefferson Davis,Hwy,Jefferson Davis Hwy,Richmond,Richmond City,VA,23224,US,NA,NA,NA,NA,NA,NA,NA,NA,NA,NA,NA,NA,NA,NA
"6306 ROBERT HALL BLVD, CHESAPEAKE, VA, NA",1162119,Active,LIHTC,4% Tax Credit,1999-01-01T00:00:00Z,2029-01-01T00:00:00Z,228,NA,New Construction,36.787294,-76.258905,,"Robert Hall Blvd, Chesapeake, VA 23324",0.7,street_center,TIGER/Line® dataset from the US Census Bureau,NA,Robert Hall,Blvd,Robert Hall Blvd,Chesapeake,Chesapeake City,VA,23324,US,NA,NA,NA,NA,NA,NA,NA,NA,NA,NA,NA,NA,NA,NA
"5145 MARY BALL RD, LIVELY, VA, 22507",1021129,Active,Section 8,PRAC/811,2024-09-01T00:00:00Z,2042-08-31T00:00:00Z,6,NA,NA,37.78807,-76.516716,,"Mary Ball Rd, Lively, VA 22507",0.7,street_center,TIGER/Line® dataset from the US Census Bureau,NA,Mary Ball,Rd,Mary Ball Rd,Lively,Lancaster County,VA,22507,US,NA,NA,NA,NA,NA,NA,NA,NA,NA,NA,NA,NA,NA,NA
"5805 HUNTER DR, MECHANICSVILLE, VA, 23111",1094615,Inactive,HUD Insured,221(D)(4) MKT RATE MOD INC/ DISP FAMS,1982-04-01T00:00:00Z,2022-03-01T00:00:00Z,100,Terminated Mortgage,NA,37.61505,-77.35254,,"Hunter Dr, Mechanicsville, VA 23111",0.7,street_center,TIGER/Line® dataset from the US Census Bureau,NA,Hunter,Dr,Hunter Dr,Mechanicsville,Hanover County,VA,23111,US,NA,NA,NA,NA,NA,NA,NA,NA,NA,NA,NA,NA,NA,NA
"5805 HUNTER DR, MECHANICSVILLE, VA, 23111",1094615,Inactive,HUD Insured,223(A)(7)/221(D)(4) MKT REFI/ MODERATE,2011-11-01T00:00:00Z,2034-04-01T00:00:00Z,100,Terminated Mortgage,NA,37.61505,-77.35254,,"Hunter Dr, Mechanicsville, VA 23111",0.7,street_center,TIGER/Line® dataset from the US Census Bureau,NA,Hunter,Dr,Hunter Dr,Mechanicsville,Hanover County,VA,23111,US,NA,NA,NA,NA,NA,NA,NA,NA,NA,NA,NA,NA,NA,NA
"3519 OAK RIDGE RD, SHIPMAN, VA, 22971",1129275,Active,HOME,HOME,2017-03-22T00:00:00Z,2032-03-22T00:00:00Z,1,NA,Acquisition and Rehabilitation,37.723376,-78.852409,,"Oak Ridge Rd, Shipman, VA 22971",0.7,street_center,TIGER/Line® dataset from the US Census Bureau,NA,Oak Ridge,Rd,Oak Ridge Rd,Shipman,Nelson County,VA,22971,US,NA,NA,NA,NA,NA,NA,NA,NA,NA,NA,NA,NA,NA,NA
"2700 YORKTOWN AVE, LYNCHBURG, VA, 24501",1094342,Active,LIHTC,9% Tax Credit,2014-01-01T00:00:00Z,2044-01-01T00:00:00Z,66,NA,Acquisition and Rehab,37.41093,-79.175897,,"Yorktown Ave, Lynchburg, VA 24501",0.7,street_center,TIGER/Line® dataset from the US Census Bureau,NA,Yorktown,Ave,Yorktown Ave,Lynchburg,Lynchburg City,VA,24501,US,NA,NA,NA,NA,NA,NA,NA,NA,NA,NA,NA,NA,NA,NA
"ROUTE 207, BOWLING GREEN, VA, 22427",1112063,Inactive,LIHTC,4% Tax Credit,1988-01-01T00:00:00Z,2003-01-01T00:00:00Z,17,Non-programmatic,NA,38.058046,-77.344384,,"US-301 Bus, Bowling Green, VA 22427",0.7,street_center,TIGER/Line® dataset from the US Census Bureau,NA,US-301 Bus,NA,US-301 Bus,Bowling Green,Caroline County,VA,22427,US,NA,NA,NA,NA,NA,NA,NA,NA,NA,NA,NA,NA,NA,NA
"502 CRESCENT BLVD, STAFFORD, VA, 22554",1095226,Inactive,LIHTC,9% Tax Credit,2001-01-01T00:00:00Z,2031-01-01T00:00:00Z,99,Missing from Subsequent Updates,NA,38.440291,-77.401322,,"Crescent Blvd, Stafford, VA 22554",0.7,street_center,TIGER/Line® dataset from the US Census Bureau,NA,Crescent,Blvd,Crescent Blvd,Stafford,Stafford County,VA,22554,US,NA,NA,NA,NA,NA,NA,NA,NA,NA,NA,NA,NA,NA,NA
"11550 OAK BLUFF CT, BURKE, VA, 22015",1095159,Active,Section 8,HFDA/8 NC,2024-01-01T00:00:00Z,2043-12-31T00:00:00Z,50,NA,NA,38.797717,-77.307888,,"Oak Bluff Ct, Burke, VA 22015",0.7,street_center,TIGER/Line® dataset from the US Census Bureau,NA,Oak Bluff,Ct,Oak Bluff Ct,Burke,Fairfax County,VA,22015,US,NA,NA,NA,NA,NA,NA,NA,NA,NA,NA,NA,NA,NA,NA
"941 COLD CHEER RD, TAPPAHANNOCK, VA, 22560",1113262,Inactive,RHS 515,RHS 515,2005-12-15T00:00:00Z,2053-12-15T00:00:00Z,NA,Missing from Subsequent Updates,NA,37.902533,-76.83467,,"Cold Cheer Dr, Tappahannock, VA 22560",0.7,street_center,TIGER/Line® dataset from the US Census Bureau,NA,Cold Cheer,Dr,Cold Cheer Dr,Tappahannock,Essex County,VA,22560,US,NA,NA,NA,NA,NA,NA,NA,NA,NA,NA,NA,NA,NA,NA
"135 LASSISTER DR, HAMPTON, VA, 23666",1095183,Active,Section 8,LMSA,2017-11-01T00:00:00Z,2037-10-31T00:00:00Z,120,NA,NA,37.052909,-76.401261,,"135 Hampton Club Dr, Hampton, VA 23666",0.7,rooftop,Virginia Geographic Information Network (VGIN),135,Hampton Club,Dr,Hampton Club Dr,Hampton,Hampton City,VA,23666,US,NA,NA,NA,NA,NA,NA,NA,NA,NA,NA,NA,NA,NA,NA
"19032 ASHLAWN CT, GORDONSVILLE, VA, 22942",1117653,Active,LIHTC,9% Tax Credit,2020-01-01T00:00:00Z,2050-01-01T00:00:00Z,24,NA,Acquisition and Rehab,38.138624,-78.178687,,"Ashlawn Dr, Gordonsville, VA 22942",0.7,street_center,TIGER/Line® dataset from the US Census Bureau,NA,Ashlawn,Dr,Ashlawn Dr,Gordonsville,Orange County,VA,22942,US,NA,NA,NA,NA,NA,NA,NA,NA,NA,NA,NA,NA,NA,NA
"RR 1 BOX 69, WEYERS CAVE, VA, 24486",1095439,Inactive,LIHTC,9% Tax Credit,1989-01-01T00:00:00Z,2004-01-01T00:00:00Z,1,Non-programmatic,New Construction,38.278236,-78.897997,,"State Rte 256 69, Weyers Cave, VA 24486",0.7,street_center,TIGER/Line® dataset from the US Census Bureau,NA,State Rte 256,NA,State Rte 256,Weyers Cave,Augusta County,VA,24486,US,NA,69,NA,NA,NA,NA,NA,NA,NA,NA,NA,NA,NA,NA
"102 LEE HIGHWAY, PULASKI, VA, 24301",1095259,Inactive,HOME,HOME,2005-11-14T00:00:00Z,2010-11-14T00:00:00Z,98,End Date Passed,Acquisition and Rehabilitation,37.069638,-80.757261,,"Lee Hwy, Pulaski, VA 24301",0.7,street_center,TIGER/Line® dataset from the US Census Bureau,NA,Lee,Hwy,Lee Hwy,Pulaski,Pulaski County,VA,24301,US,NA,NA,NA,NA,NA,NA,NA,NA,NA,NA,NA,NA,NA,NA
"19274 ELEMENTARY DR, ABINGDON, VA, 24210",1095393,Active,HOME,HOME,2010-04-15T14:13:48Z,2030-04-15T14:13:48Z,20,NA,New Construction Only,36.71734,-82.01673,,"Elementary Dr, Abingdon, VA 24210",0.7,street_center,TIGER/Line® dataset from the US Census Bureau,NA,Elementary,Dr,Elementary Dr,Abingdon,Washington County,VA,24210,US,NA,NA,NA,NA,NA,NA,NA,NA,NA,NA,NA,NA,NA,NA
"PO BOX 400, DILLWYN, VA, 23936",1095409,Inactive,Section 8,HFDA/8 NC,1978-05-08T00:00:00Z,2018-12-06T00:00:00Z,20,End Date Passed,NA,37.412369,-78.434926,,"PO Box 400, Dillwyn, VA 24522",0.7,place,TIGER/Line® dataset from the US Census Bureau,400,PO Box,NA,PO Box,Dillwyn,Buckingham County,VA,24522,US,NA,NA,NA,NA,NA,NA,NA,NA,NA,NA,NA,NA,NA,NA
"1092 WISE AVENUE SE, ROANOKE, VA, NA",1095427,Active,LIHTC,9% Tax Credit,2008-01-01T00:00:00Z,2038-01-01T00:00:00Z,24,NA,New Construction,37.277662,-79.91837,,"Wise Ave SE, Roanoke, VA 24013",0.7,street_center,TIGER/Line® dataset from the US Census Bureau,NA,Wise,Ave,Wise Ave SE,Roanoke,Roanoke City,VA,24013,US,SE,NA,NA,NA,NA,NA,NA,NA,NA,NA,NA,NA,NA,NA
"1550 E MAIN ST, WYTHEVILLE, VA, 24382",1095015,Active,RHS 538,RHS 538,2009-11-20T00:00:00Z,2049-11-20T00:00:00Z,60,NA,New Construction,36.951799,-81.070077,,"E Main St, Wytheville, VA 24382",0.7,street_center,TIGER/Line® dataset from the US Census Bureau,NA,Main,St,E Main St,Wytheville,Wythe County,VA,24382,US,NA,NA,E,NA,NA,NA,NA,NA,NA,NA,NA,NA,NA,NA
"54009 HULL ST, RICHMOND, VA, 23224",1095193,Inactive,HOME,HOME,2000-03-28T00:00:00Z,2010-03-28T00:00:00Z,28,End Date Passed,Acquisition and Rehabilitation,37.513548,-77.455399,,"Hull St, Richmond, VA 23224",0.7,street_center,TIGER/Line® dataset from the US Census Bureau,NA,Hull,St,Hull St,Richmond,Richmond City,VA,23224,US,NA,NA,NA,NA,NA,NA,NA,NA,NA,NA,NA,NA,NA,NA
"1003 HERITAGE PL, FREDERICKSBURG, VA, 22401",1095217,Inactive,HUD Insured,221(D)(4) MKT RATE MOD INC/ DISP FAMS,2004-06-01T00:00:00Z,2042-05-01T00:00:00Z,102,Terminated Mortgage,NA,38.312976,-77.501558,,"1003 Heritage Park Dr, Fredericksburg, VA 22401",0.7,rooftop,Virginia Geographic Information Network (VGIN),1003,Heritage Park,Dr,Heritage Park Dr,Fredericksburg,Fredericksburg City,VA,22401,US,NA,NA,NA,NA,NA,NA,NA,NA,NA,NA,NA,NA,NA,NA
"1003 HERITAGE PL, FREDERICKSBURG, VA, 22401",1095217,Inactive,HUD Insured,221(D)(4) MKT RATE MOD INC/ DISP FAMS,2004-12-01T00:00:00Z,2042-11-01T00:00:00Z,100,Terminated Mortgage,NA,38.312976,-77.501558,,"1003 Heritage Park Dr, Fredericksburg, VA 22401",0.7,rooftop,Virginia Geographic Information Network (VGIN),1003,Heritage Park,Dr,Heritage Park Dr,Fredericksburg,Fredericksburg City,VA,22401,US,NA,NA,NA,NA,NA,NA,NA,NA,NA,NA,NA,NA,NA,NA
"Maplewood Ln, #1, Tazewell, VA, 24651",1095387,Inactive,LIHTC,NA,1990-01-01T00:00:00Z,2020-01-01T00:00:00Z,36,Missing from Subsequent Updates,NA,37.121772,-81.518594,,"Tazewell Ave, Tazewell, VA 24651",0.7,street_center,TIGER/Line® dataset from the US Census Bureau,NA,Tazewell,Ave,Tazewell Ave,Tazewell,Tazewell County,VA,24651,US,NA,NA,NA,NA,NA,NA,NA,NA,NA,NA,NA,NA,NA,NA
"2139 BROADMOOR DR, CHESAPEAKE, VA, 23320",1094324,Active,HUD Insured,207/ 223(F) PUR/ REFIN HSG,2015-04-01T00:00:00Z,2050-03-01T00:00:00Z,38,NA,NA,36.774043,-76.328557,,"2139 Broadmoor Ave, Chesapeake, VA 23323",0.72,rooftop,City of Chesapeake,2139,Broadmoor,Ave,Broadmoor Ave,Chesapeake,Chesapeake City,VA,23323,US,NA,NA,NA,NA,NA,NA,NA,NA,NA,NA,NA,NA,NA,NA
"460 FOREST GLEN CT, STRASBURG, VA, 22657",1118460,Inactive,LIHTC,4% Tax Credit,1990-01-01T00:00:00Z,2005-01-01T00:00:00Z,40,Non-programmatic,New Construction,38.995269,-78.352393,,"377 Forest Glen Ct, Strasburg, VA 22657",0.72,nearest_rooftop_match,Virginia Geographic Information Network (VGIN),377,Forest Glen,Ct,Forest Glen Ct,Strasburg,Shenandoah County,VA,22657,US,NA,NA,NA,NA,NA,NA,NA,NA,NA,NA,NA,NA,NA,NA
"711 OAKVIEW AVE, BRISTOL, VA, 24201",1094933,Active,LIHTC,9% Tax Credit,2007-01-01T00:00:00Z,2037-01-01T00:00:00Z,41,NA,Acquisition and Rehab,36.607494,-82.17627,,"628 Oakview Ave, Bristol, VA 24201",0.72,nearest_rooftop_match,Virginia Geographic Information Network (VGIN),628,Oakview,Ave,Oakview Ave,Bristol,Bristol City,VA,24201,US,NA,NA,NA,NA,NA,NA,NA,NA,NA,NA,NA,NA,NA,NA
"711 OAKVIEW AVE, BRISTOL, VA, 24201",1094933,Inactive,LIHTC,9% Tax Credit,2006-01-01T00:00:00Z,2036-01-01T00:00:00Z,41,Missing from Subsequent Updates,NA,36.607494,-82.17627,,"628 Oakview Ave, Bristol, VA 24201",0.72,nearest_rooftop_match,Virginia Geographic Information Network (VGIN),628,Oakview,Ave,Oakview Ave,Bristol,Bristol City,VA,24201,US,NA,NA,NA,NA,NA,NA,NA,NA,NA,NA,NA,NA,NA,NA
"5TH ST & LOUDON AVENUE, ROANOKE, VA, 24016",1011634,Inactive,HOME,HOME,2012-03-14T08:58:12Z,2022-03-14T08:58:12Z,1,End Date Passed,Rehabilitation Only,37.273026,-79.949779,,"5th St SW and Loudon Ave NW, Roanoke, VA 24016",0.73,intersection,TIGER/Line® dataset from the US Census Bureau,NA,5th,St,5th St SW,Roanoke,Roanoke City,VA,24016,US,SW,NA,NA,Loudon,Ave,Loudon Ave NW,Roanoke,Roanoke City,VA,24016,US,NA,NW,NA
"5TH STREET & LOUDON AVENUE, ROANOKE, VA, 24016",1011634,Active,HOME,HOME,2008-12-20T00:00:00Z,2028-12-20T00:00:00Z,2,NA,Acquisition and New Construction,37.273026,-79.949779,,"5th St SW and Loudon Ave NW, Roanoke, VA 24016",0.73,intersection,TIGER/Line® dataset from the US Census Bureau,NA,5th,St,5th St SW,Roanoke,Roanoke City,VA,24016,US,SW,NA,NA,Loudon,Ave,Loudon Ave NW,Roanoke,Roanoke City,VA,24016,US,NA,NW,NA
"LOWLAND ST AT HICKMAN STLOWLAND STRE, ABINGDON, VA, 24212",1009876,Active,HOME,HOME,2007-04-27T00:00:00Z,2027-04-27T00:00:00Z,16,NA,New Construction Only,36.710039,-81.967655,,"Hickman St SE and Lowland St SE, Abingdon, VA 24210",0.73,intersection,TIGER/Line® dataset from the US Census Bureau,NA,Hickman,St,Hickman St SE,Abingdon,Washington County,VA,24210,US,SE,NA,NA,Lowland,St,Lowland St SE,Abingdon,Washington County,VA,24210,US,NA,SE,NA
"NA, LANGLEY, VA, 23665",1095380,Inactive,HUD Insured,241(A)/ 236 /IMPROV + ADD/LOWER INC FA,1994-11-01T00:00:00Z,2014-10-01T00:00:00Z,124,Terminated Mortgage,NA,37.083118,-76.360036,,"Hampton, VA 23665",0.75,place,TIGER/Line® dataset from the US Census Bureau,NA,NA,NA,NA,Hampton,Hampton City,VA,23665,US,NA,NA,NA,NA,NA,NA,NA,NA,NA,NA,NA,NA,NA,NA
"16075 CHARLES LANKFORD MEMORIAL HWY, CAPE CHARLES, VA, 23310",1119587,Inactive,LIHTC,9% Tax Credit,2015-01-01T00:00:00Z,2045-01-01T00:00:00Z,34,Missing from Subsequent Updates,Acquisition and Rehab,37.267782,-75.984101,,"16075 Old Cape Charles Rd, Cape Charles, VA 23310",0.77,range_interpolation,TIGER/Line® dataset from the US Census Bureau,16075,Old Cape Charles,Rd,Old Cape Charles Rd,Cape Charles,Northampton County,VA,23310,US,NA,NA,NA,NA,NA,NA,NA,NA,NA,NA,NA,NA,NA,NA
"322 61/2 STREET, CHARLOTTESVILLE, VA, 22902",1011318,Inactive,HOME,HOME,2003-03-17T00:00:00Z,2013-03-17T00:00:00Z,1,End Date Passed,Acquisition and Rehabilitation,38.028572,-78.480784,,"323 2nd St SE, Charlottesville, VA 22902",0.77,nearest_rooftop_match,City of Charlottesville,323,2nd,St,2nd St SE,Charlottesville,Charlottesville City,VA,22902,US,SE,NA,NA,NA,NA,NA,NA,NA,NA,NA,NA,NA,NA,NA
"16075 CHARLES LANKFORD MEMORIAL HWY, CAPE CHARLES, VA, 23310",1119587,Active,LIHTC,9% Tax Credit,2015-01-01T00:00:00Z,2045-01-01T00:00:00Z,34,NA,Acquisition and Rehab,37.267782,-75.984101,,"16075 Old Cape Charles Rd, Cape Charles, VA 23310",0.77,range_interpolation,TIGER/Line® dataset from the US Census Bureau,16075,Old Cape Charles,Rd,Old Cape Charles Rd,Cape Charles,Northampton County,VA,23310,US,NA,NA,NA,NA,NA,NA,NA,NA,NA,NA,NA,NA,NA,NA
"120 SOUTHRIDGE ESTATES RD, WYTHEVILLE, VA, 24382",1095186,Active,LIHTC,9% Tax Credit,2000-01-01T00:00:00Z,2030-01-01T00:00:00Z,20,NA,Both New Construction and Acquisition and Rehab,36.944251,-81.117447,,"120 S Ridge Estates Rd, Wytheville, VA 24382",0.77,rooftop,Virginia Geographic Information Network (VGIN),120,Ridge Estates,Rd,S Ridge Estates Rd,Wytheville,Wythe County,VA,24382,US,NA,NA,S,NA,NA,NA,NA,NA,NA,NA,NA,NA,NA,NA
"315 CAWSON ST, HOPEWELL, VA, 23860",1022927,Active,HUD Insured,221(D)(4) MKT RATE MOD INC/ DISP FAMS,2019-09-01T00:00:00Z,2059-08-01T00:00:00Z,68,NA,NA,37.305982,-77.283688,,"316 Cawson St E, Hopewell, VA 23860",0.78,nearest_rooftop_match,City of Hopewell,316,Cawson,St,Cawson St E,Hopewell,Hopewell City,VA,23860,US,E,NA,NA,NA,NA,NA,NA,NA,NA,NA,NA,NA,NA,NA
"520 ALEXANDER ST, NORTON, VA, 24273",1118872,Active,RHS 515,515 Rural Housing,1985-08-27T00:00:00Z,2035-07-31T00:00:00Z,10,NA,NA,36.936646,-82.626418,,"520 Alexandria Cir NW, Norton, VA 24273",0.78,rooftop,City of Norton,520,Alexandria,Cir,Alexandria Cir NW,Norton,Norton City,VA,24273,US,NW,NA,NA,NA,NA,NA,NA,NA,NA,NA,NA,NA,NA,NA
"102 HARE CT, GLEN LYN, VA, NA",1103966,Active,LIHTC,9% Tax Credit,1999-01-01T00:00:00Z,2029-01-01T00:00:00Z,14,NA,Both New Construction and Acquisition and Rehab,NA,NA,,NA,NA,NA,NA,NA,NA,NA,NA,Giles,Giles County,NA,NA,NA,NA,NA,NA,NA,NA,NA,NA,NA,NA,NA,NA,NA,NA,NA
"1111 ROSE HILL DR, SOUTH BOSTON, VA, NA",1102525,Inconclusive,LIHTC,9% Tax Credit,1992-01-01T00:00:00Z,2022-01-01T00:00:00Z,40,End Date Passed,New Construction,NA,NA,,NA,NA,NA,NA,NA,NA,NA,NA,Halifax,Halifax County,NA,NA,NA,NA,NA,NA,NA,NA,NA,NA,NA,NA,NA,NA,NA,NA,NA
"1750 OLD FARM, CHRISTIANSBURG, VA, NA",1107984,Inactive,LIHTC,4% Tax Credit,2001-01-01T00:00:00Z,2031-01-01T00:00:00Z,52,Missing from Subsequent Updates,Acquisition and Rehab,NA,NA,,NA,NA,NA,NA,NA,NA,NA,NA,Montgomery,Montgomery County,NA,NA,NA,NA,NA,NA,NA,NA,NA,NA,NA,NA,NA,NA,NA,NA,NA
"942 GW HWY, PORTSMOUTH, VA, NA",1106141,Active,LIHTC,4% Tax Credit,2003-01-01T00:00:00Z,2033-01-01T00:00:00Z,250,NA,Acquisition and Rehab,NA,NA,,NA,NA,NA,NA,NA,NA,NA,NA,Portsmouth,Portsmouth City,NA,NA,NA,NA,NA,NA,NA,NA,NA,NA,NA,NA,NA,NA,NA,NA,NA
"2231 COLTS NECK RD, RESTON, VA, NA",1094474,Inactive,HUD Insured,207/ 223(F)/244 CO-INSURANCE,1989-06-01T00:00:00Z,2018-12-01T00:00:00Z,355,NA,NA,NA,NA,,NA,NA,NA,NA,NA,NA,NA,NA,Fairfax,Fairfax County,NA,NA,NA,NA,NA,NA,NA,NA,NA,NA,NA,NA,NA,NA,NA,NA,NA
"INTERSECTION OF RT 256 & US RT 11, WEYERS CAVE, VA, NA",1105291,Active,LIHTC,TCEP,2012-01-01T00:00:00Z,2042-01-01T00:00:00Z,84,NA,New Construction,NA,NA,,NA,NA,NA,NA,NA,NA,NA,NA,Augusta,Augusta County,NA,NA,NA,NA,NA,NA,NA,NA,NA,NA,NA,NA,NA,NA,NA,NA,NA
"5012 WALNUT ST, LAWRENCEVILLE, VA, NA",1109829,Active,LIHTC,9% Tax Credit,2005-01-01T00:00:00Z,2035-01-01T00:00:00Z,24,NA,Acquisition and Rehab,NA,NA,,NA,NA,NA,NA,NA,NA,NA,NA,Brunswick,Brunswick County,NA,NA,NA,NA,NA,NA,NA,NA,NA,NA,NA,NA,NA,NA,NA,NA,NA
"3208 THURGOOD MARSHALL RD, EXMORE, VA, NA",1121149,Active,LIHTC,9% Tax Credit,2010-01-01T00:00:00Z,2040-01-01T00:00:00Z,22,NA,New Construction,NA,NA,,NA,NA,NA,NA,NA,NA,NA,NA,Northampton,Northampton County,NA,NA,NA,NA,NA,NA,NA,NA,NA,NA,NA,NA,NA,NA,NA,NA,NA
"ROUTE 620, VANSANT, VA, NA",1095391,Active,LIHTC,9% Tax Credit,2001-01-01T00:00:00Z,2031-01-01T00:00:00Z,20,NA,New Construction,NA,NA,,NA,NA,NA,NA,NA,NA,NA,NA,Buchanan,Buchanan County,NA,NA,NA,NA,NA,NA,NA,NA,NA,NA,NA,NA,NA,NA,NA,NA,NA
"100 DON WHITEHEAD DR, APPALACHIA, VA, NA",1118819,Active,LIHTC,9% Tax Credit,2003-01-01T00:00:00Z,2033-01-01T00:00:00Z,88,NA,Acquisition and Rehab,NA,NA,,NA,NA,NA,NA,NA,NA,NA,NA,Wise,Wise County,NA,NA,NA,NA,NA,NA,NA,NA,NA,NA,NA,NA,NA,NA,NA,NA,NA
"695 FOXCHASE DR, TAPPAHANNOCK, VA, NA",1095187,Active,LIHTC,4% Tax Credit,2004-01-01T00:00:00Z,2034-01-01T00:00:00Z,60,NA,New Construction,NA,NA,,NA,NA,NA,NA,NA,NA,NA,NA,Essex,Essex County,NA,NA,NA,NA,NA,NA,NA,NA,NA,NA,NA,NA,NA,NA,NA,NA,NA
"RR 1 BOX 349, RAPHINE, VA, NA",1095383,Inactive,LIHTC,4% Tax Credit,1990-01-01T00:00:00Z,2005-01-01T00:00:00Z,23,Non-programmatic,New Construction,NA,NA,,NA,NA,NA,NA,NA,NA,NA,NA,Rockbridge,Rockbridge County,NA,NA,NA,NA,NA,NA,NA,NA,NA,NA,NA,NA,NA,NA,NA,NA,NA
"12465 GLADE DR, RESTON, VA, NA",1095185,Active,LIHTC,9% Tax Credit,1999-01-01T00:00:00Z,2029-01-01T00:00:00Z,74,NA,Both New Construction and Acquisition and Rehab,NA,NA,,NA,NA,NA,NA,NA,NA,NA,NA,Fairfax,Fairfax County,NA,NA,NA,NA,NA,NA,NA,NA,NA,NA,NA,NA,NA,NA,NA,NA,NA
